{
    "melodia 1": [
        [
            114.84375,
            "dó",
            2.6966335773468018
        ],
        [
            267.01171875,
            "dó",
            3.167245626449585
        ],
        [
            227.63671875,
            "dó",
            4.078095436096191
        ]
    ],
    "melodia 2": [
        [
            326.07421875,
            "mi",
            1.8126482963562012
        ],
        [
            523.974609375,
            "dó",
            3.485997200012207
        ],
        [
            590.625,
            "ré",
            4.088269948959351
        ],
        [
            135.3515625,
            "dó",
            3.8460488319396973
        ]
    ]
}