{
    "melodia 1": [
        [
            344.53125,
            "fá",
            1.4763965606689453
        ],
        [
            441.4306640625,
            "lá",
            0.9915781021118164
        ],
        [
            247.6318359375,
            "dó",
            0.7199430465698242
        ]
    ],
    "melodia 2": [
        [
            247.6318359375,
            "dó",
            0.6988837718963623
        ],
        [
            527.5634765625,
            "dó",
            0.7637772560119629
        ],
        [
            129.19921875,
            "dó",
            1.5473005771636963
        ]
    ],
    "melodia 3": [
        [
            269.1650390625,
            "dó",
            2.562234401702881
        ],
        [
            495.263671875,
            "si",
            2.4697887897491455
        ],
        [
            301.46484375,
            "ré",
            1.3079156875610352
        ]
    ]
}