{
    "melodia 1": [
        [
            215.33203125,
            "dó",
            3.943681001663208
        ],
        [
            287.109375,
            "ré",
            4.386209726333618
        ],
        [
            637.3828125,
            "ré#",
            7.347005844116211
        ]
    ],
    "melodia 2": [
        [
            732.12890625,
            "fá#",
            2.4827120304107666
        ],
        [
            669.921875,
            "mi",
            4.271282434463501
        ],
        [
            667.529296875,
            "mi",
            3.23504376411438
        ],
        [
            495.263671875,
            "si",
            6.324614763259888
        ]
    ],
    "melodia 3": [
        [
            110.7421875,
            "dó",
            5.27647590637207
        ],
        [
            516.796875,
            "dó",
            5.137034177780151
        ],
        [
            215.33203125,
            "dó",
            6.3108367919921875
        ],
        [
            482.34375,
            "si",
            5.2971954345703125
        ]
    ],
    "melodia 4": [
        [
            110.7421875,
            "dó",
            5.27647590637207
        ],
        [
            516.796875,
            "dó",
            5.137034177780151
        ],
        [
            215.33203125,
            "dó",
            6.3108367919921875
        ],
        [
            482.34375,
            "si",
            5.2971954345703125
        ],
        [
            380.419921875,
            "fá#",
            2.957439422607422
        ],
        [
            480.908203125,
            "si",
            3.819626569747925
        ]
    ]
}